64FB2BB3C0B747D1|%dfsdfsd|%Turkey-Steam-3619764|%50|%USD|%это код для Стим 05|%Ключ 05|%20|%sokolov9082331000@gmail.com;//
64FB2BB3C0B747D1|%dfsdfsd|%,Turkey-Steam-3619764|%300|%USD|%это код для Стим 37|%Ключ 37|%20|%sokolov9082331000@gmail.com;//
64FB2BB3C0B747D1|%dfsdfsd|%,Turkey-Steam-3619764|%100|%USD|%это код для Стим 11|%Ключ 11|%20|%sokolov9082331000@gmail.com;//
64FB2BB3C0B747D1|%dfsdfsd|%,Turkey-Steam-3619764|%150|%USD|%это код для Стим 14|%Ключ 14|%20|%sokolov9082331000@gmail.com;//
64FB2BB3C0B747D1|%dfsdfsd|%,Turkey-Steam-3619764|%150|%USD|%это код для Стим 20|%Ключ 20|%20|%sokolov9082331000@gmail.com;//
64FB2BB3C0B747D1|%dfsdfsd|%,Turkey-Steam-3619764|%250|%USD|%это код для Стим 36|%Ключ 36|%20|%sokolov9082331000@gmail.com;//
0E7217D971A44933|%dfsdfsd|%Turkey-Steam-3619764|%150|%USD|%это код для Стим 13|%Ключ 13|%20|%sokolov9082331000@gmail.com;//
0E7217D971A44933|%dfsdfsd|%,Turkey-Steam-3619764|%100|%USD|%это код для Стим 08|%Ключ 08|%20|%sokolov9082331000@gmail.com;//
0E7217D971A44933|%dfsdfsd|%,Turkey-Steam-3619764|%300|%USD|%это код для Стим 43|%Ключ 43|%20|%sokolov9082331000@gmail.com;//
0E7217D971A44933|%dfsdfsd|%,Turkey-Steam-3619764|%200|%USD|%это код для Стим 23|%Ключ 23|%20|%sokolov9082331000@gmail.com;//
0E7217D971A44933|%dfsdfsd|%,Turkey-Steam-3619764|%100|%USD|%это код для Стим 07|%Ключ 07|%20|%sokolov9082331000@gmail.com;//
0E7217D971A44933|%dfsdfsd|%,Turkey-Steam-3619764|%150|%USD|%это код для Стим 16|%Ключ 16|%20|%sokolov9082331000@gmail.com;//
1CFF811BBD914A70|%dfsdfsd|%|%|%USD|%|%|%|%dewoyz-iwnl@mail.ru;//
1CFF811BBD914A70|%dfsdfsd|%|%|%USD|%|%|%|%dewoyz-iwnl@mail.ru;//
1CFF811BBD914A70|%dfsdfsd|%|%|%USD|%|%|%|%dewoyz-iwnl@mail.ru;//
1CFF811BBD914A70|%dfsdfsd|%|%|%USD|%|%|%|%dewoyz-iwnl@mail.ru;//
1CFF811BBD914A70|%dfsdfsd|%|%|%USD|%|%|%dewoyz-iwnl@mail.ru|%dewoyz-iwnl@mail.ru;//
1CFF811BBD914A70|%dfsdfsd|%|%|%USD|%|%|%dewoyz-iwnl@mail.ru|%dewoyz-iwnl@mail.ru;//
1CFF811BBD914A70|%dfsdfsd|%|%|%USD|%|%|%dewoyz-iwnl@mail.ru|%dewoyz-iwnl@mail.ru;//
1CFF811BBD914A70|%dfsdfsd|%|%|%USD|%|%|%dewoyz-iwnl@mail.ru|%dewoyz-iwnl@mail.ru;//
1CFF811BBD914A70|%dfsdfsd|%|%|%USD|%|%|%dewoyz-iwnl@mail.ru|%dewoyz-iwnl@mail.ru;//
1CFF811BBD914A70|%dfsdfsd|%|%|%USD|%|%|%dewoyz-iwnl@mail.ru|%dewoyz-iwnl@mail.ru;//
1CFF811BBD914A70|%dfsdfsd|%|%|%|%|%|%|%;//
1CFF811BBD914A70|%dfsdfsd|%|%|%|%|%|%|%;//
798798798|%dfsdfsd|%|%|%|%|%|%|%;//
